<?xml version="1.0" encoding="UTF-8"?>
<project-private xmlns="http://www.netbeans.org/ns/project-private/1">
    <editor-bookmarks xmlns="http://www.netbeans.org/ns/editor-bookmarks/2" lastBookmarkId="0"/>
    <open-files xmlns="http://www.netbeans.org/ns/projectui-open-files/2">
        <group>
            <file>file:/D:/Users/StarMedia/Desktop/clase04-1bim-ericroco/ejemplos-clases-constuctores-java/ProblemasConstructores/src/paquete2/Hospital.java</file>
            <file>file:/D:/Users/StarMedia/Desktop/clase04-1bim-ericroco/ejemplos-clases-constuctores-java/ProblemasConstructores/src/paquete2/Ejecutor.java</file>
        </group>
    </open-files>
</project-private>
